neon_id,s2_id,longitude,latitude,time,cs_cdf,base_date,days_diff,utm_x,utm_y,crs,tile_id,abs_days_diff,id,sentinel2_id
projects/neon-prod-earthengine/assets/HSI_REFL/001/2016_CLBJ_1,20160505T171302_20160505T172301_T14SPB,-97.66771229838356,33.368460217790094,2016-05-05,0.9058823529411764,2016-04-22,13,625944.0521368855,3693233.480103688,EPSG:32614,NA5120_E1611N0546,13,NEON_S2__0003,COPERNICUS/S2_HARMONIZED/20160505T171302_20160505T172301_T14SPB
projects/neon-prod-earthengine/assets/HSI_REFL/001/2016_GRSM_2,20160609T162342_20160609T162514_T17SKV,-83.59362707902619,35.62215360258915,2016-06-09,0.9058823529411764,2016-06-08,1,265621.5671535979,3945859.926418435,EPSG:32617,NA5120_E1862N0617,1,NEON_S2__0011,COPERNICUS/S2_HARMONIZED/20160609T162342_20160609T162514_T17SKV
projects/neon-prod-earthengine/assets/HSI_REFL/001/2016_TALL_2,20160423T163322_20160423T163610_T16SDB,-87.41110771042051,32.9085227923209,2016-04-23,0.9098039215686274,2016-05-06,-13,461491.7677588154,3641893.5660184575,EPSG:32616,NA5120_E1801N0548,13,NEON_S2__0031,COPERNICUS/S2_HARMONIZED/20160423T163322_20160423T163610_T16SDB
projects/neon-prod-earthengine/assets/HSI_REFL/001/2017_CPER_3,20170601T174911_20170601T180009_T13TEF,-104.75074865060915,40.81944651039105,2017-06-01,0.9058823529411764,2017-05-24,8,522901.7805693787,4518221.870780458,EPSG:32613,NA5120_E1494N0713,8,NEON_S2__0036,COPERNICUS/S2_HARMONIZED/20170601T174911_20170601T180009_T13TEF
projects/neon-prod-earthengine/assets/HSI_REFL/001/2017_GRSM_3,20171002T162111_20171002T162618_T17SKV,-83.50163959393235,35.66814734513607,2017-10-02,0.9098039215686274,2017-10-05,-3,271525.7355120389,3949824.714154487,EPSG:32617,NA5120_E1863N0618,3,NEON_S2__0043,COPERNICUS/S2_HARMONIZED/20171002T162111_20171002T162618_T17SKV
projects/neon-prod-earthengine/assets/HSI_REFL/001/2017_HARV_4,20170806T153909_20170806T153908_T18TYN,-72.14118518484324,42.567208727174,2017-08-06,0.9058823529411764,2017-08-13,-7,734441.210608064,4714512.3366984045,EPSG:32618,NA5120_E2015N0813,7,NEON_S2__0056,COPERNICUS/S2_HARMONIZED/20170806T153909_20170806T153908_T18TYN
projects/neon-prod-earthengine/assets/HSI_REFL/001/2017_OAES_2,20170423T172301_20170423T173334_T14SME,-99.09351831733808,35.34619114730764,2017-04-23,0.9019607843137256,2017-05-01,-8,491445.950642996,3911015.693259932,EPSG:32614,NA5120_E1585N0589,8,NEON_S2__0060,COPERNICUS/S2_HARMONIZED/20170423T172301_20170423T173334_T14SME
projects/neon-prod-earthengine/assets/HSI_REFL/001/2017_SERC_3,20170804T154911_20170804T155116_T18SUJ,-76.60257821189442,38.88770932342044,2017-08-04,0.9058823529411764,2017-08-04,0,362128.4205379884,4306260.971004153,EPSG:32618,NA5120_E1967N0714,0,NEON_S2__0065,COPERNICUS/S2_HARMONIZED/20170804T154911_20170804T155116_T18SUJ
projects/neon-prod-earthengine/assets/HSI_REFL/001/2017_SRER_1,20170813T175911_20170813T181415_T12SWA,-110.86791640934943,31.75867922864792,2017-08-13,0.9058823529411764,2017-08-24,-11,511610.3340084088,3512789.1693388447,EPSG:32612,NA5120_E1362N0532,11,NEON_S2__0069,COPERNICUS/S2_HARMONIZED/20170813T175911_20170813T181415_T12SWA
projects/neon-prod-earthengine/assets/HSI_REFL/001/2017_TALL_3,20170508T163331_20170508T163426_T16SDB,-87.41110771042051,32.9085227923209,2017-05-08,0.9137254901960784,2017-05-10,-2,461491.7677588154,3641893.5660184575,EPSG:32616,NA5120_E1801N0548,2,NEON_S2__0074,COPERNICUS/S2_HARMONIZED/20170508T163331_20170508T163426_T16SDB
projects/neon-prod-earthengine/assets/HSI_REFL/001/2018_GUAN_1,20180523T150721_20180523T150722_T19QGV,-66.85190479194749,18.006550207118984,2018-05-23,0.9019607843137256,2018-05-10,13,725427.0628418749,1990403.4290000405,EPSG:32619,NA5120_E2274N0333,13,NEON_S2__0076,COPERNICUS/S2_HARMONIZED/20180523T150721_20180523T150722_T19QGV
projects/neon-prod-earthengine/assets/HSI_REFL/001/2018_HARV_5,20180826T153901_20180826T154349_T18TYN,-72.23317266993708,42.47522124208016,2018-08-26,0.9019607843137256,2018-08-28,-2,726692.5434356346,4706375.965894271,EPSG:32618,NA5120_E2014N0811,2,NEON_S2__0078,COPERNICUS/S2_HARMONIZED/20180826T153901_20180826T154349_T18TYN
projects/neon-prod-earthengine/assets/HSI_REFL/001/2018_JERC_4,20180914T160901_20180914T161423_T16RGV,-84.51350192996458,31.2527480606318,2018-09-14,0.9098039215686274,2018-09-16,-2,738357.0810065159,3459638.8151043216,EPSG:32616,NA5120_E1860N0520,2,NEON_S2__0095,COPERNICUS/S2_HARMONIZED/20180914T160901_20180914T161423_T16RGV
projects/neon-prod-earthengine/assets/HSI_REFL/001/2018_OAES_3,20180418T171901_20180418T172509_T14SME,-99.09351831733808,35.34619114730764,2018-04-18,0.9058823529411764,2018-04-18,0,491445.950642996,3911015.693259932,EPSG:32614,NA5120_E1585N0589,0,NEON_S2__0116,COPERNICUS/S2_HARMONIZED/20180418T171901_20180418T172509_T14SME
projects/neon-prod-earthengine/assets/HSI_REFL/001/2018_SRER_2,20180828T175911_20180828T180833_T12SWA,-110.86791640934943,31.80467297119484,2018-08-28,0.9019607843137256,2018-08-24,4,510857.7214534506,3517816.85284724,EPSG:32612,NA5120_E1362N0533,4,NEON_S2__0120,COPERNICUS/S2_HARMONIZED/20180828T175911_20180828T180833_T12SWA
projects/neon-prod-earthengine/assets/HSI_REFL/001/2018_TALL_4,20180508T162859_20180508T163558_T16SDB,-87.41110771042051,32.9085227923209,2018-05-08,0.9098039215686274,2018-04-27,11,461491.7677588154,3641893.5660184575,EPSG:32616,NA5120_E1801N0548,11,NEON_S2__0130,COPERNICUS/S2_HARMONIZED/20180508T162859_20180508T163558_T16SDB
projects/neon-prod-earthengine/assets/HSI_REFL/001/2019_CLBJ_4,20190420T170851_20190420T171657_T14SPB,-97.66771229838356,33.368460217790094,2019-04-20,0.9058823529411764,2019-04-19,1,625944.0521368855,3693233.480103688,EPSG:32614,NA5120_E1611N0546,1,NEON_S2__0136,COPERNICUS/S2_SR_HARMONIZED/20190420T170851_20190420T171657_T14SPB
projects/neon-prod-earthengine/assets/HSI_REFL/001/2019_HARV_6,20190801T153911_20190801T154113_T18TYN,-72.23317266993708,42.47522124208016,2019-08-01,0.9098039215686274,2019-08-11,-10,726692.5434356346,4706375.965894271,EPSG:32618,NA5120_E2014N0811,10,NEON_S2__0146,COPERNICUS/S2_SR_HARMONIZED/20190801T153911_20190801T154113_T18TYN
projects/neon-prod-earthengine/assets/HSI_REFL/001/2019_HEAL_3,20190705T214539_20190705T214538_T05VPL,-149.2266976934803,63.862311526397725,2019-07-05,0.9137254901960784,2019-06-26,9,390685.1177581016,7084654.227494199,EPSG:32606,NA5120_E1163N1390,9,NEON_S2__0152,COPERNICUS/S2_SR_HARMONIZED/20190705T214539_20190705T214538_T05VPL
projects/neon-prod-earthengine/assets/HSI_REFL/001/2019_JERC_5,20190830T160901_20190830T161839_T16RGV,-84.46750818741766,31.20675431808488,2019-08-30,0.9019607843137256,2019-08-30,0,742719.7264175967,3453873.1973528373,EPSG:32616,NA5120_E1861N0519,0,NEON_S2__0163,COPERNICUS/S2_SR_HARMONIZED/20190830T160901_20190830T161839_T16RGV
projects/neon-prod-earthengine/assets/HSI_REFL/001/2019_NIWO_3,20190815T174919_20190815T175713_T13TDE,-105.57863601645371,40.03755288709343,2019-08-15,0.9137254901960784,2019-08-14,1,448969.90451506857,4433895.238748319,EPSG:32613,NA5120_E1478N0698,1,NEON_S2__0172,COPERNICUS/S2_SR_HARMONIZED/20190815T174919_20190815T175713_T13TDE
projects/neon-prod-earthengine/assets/HSI_REFL/001/2019_OAES_4,20190418T171859_20190418T172845_T14SME,-99.09351831733808,35.34619114730764,2019-04-18,0.9058823529411764,2019-04-25,-7,491445.950642996,3911015.693259932,EPSG:32614,NA5120_E1585N0589,7,NEON_S2__0178,COPERNICUS/S2_SR_HARMONIZED/20190418T171859_20190418T172845_T14SME
projects/neon-prod-earthengine/assets/HSI_REFL/001/2019_SERC_4,20190516T154911_20190516T155317_T18SUJ,-76.60257821189442,38.88770932342044,2019-05-16,0.9019607843137256,2019-05-15,1,362128.4205379884,4306260.971004153,EPSG:32618,NA5120_E1967N0714,1,NEON_S2__0180,COPERNICUS/S2_SR_HARMONIZED/20190516T154911_20190516T155317_T18SUJ
projects/neon-prod-earthengine/assets/HSI_REFL/001/2019_SOAP_4,20190616T183921_20190616T185133_T11SKB,-119.2387775528888,37.001965878996735,2019-06-16,0.9058823529411764,2019-06-11,5,300330.8451279858,4097850.5304439072,EPSG:32611,NA5120_E1236N0678,5,NEON_S2__0182,COPERNICUS/S2_SR_HARMONIZED/20190616T183921_20190616T185133_T11SKB
projects/neon-prod-earthengine/assets/HSI_REFL/001/2019_SRER_3,20190823T175911_20190823T181235_T12SWA,-110.7759289242556,31.850666713741752,2019-08-23,0.9019607843137256,2019-09-01,-9,520005.1468326408,3524556.253498054,EPSG:32612,NA5120_E1364N0534,9,NEON_S2__0191,COPERNICUS/S2_SR_HARMONIZED/20190823T175911_20190823T181235_T12SWA
projects/neon-prod-earthengine/assets/HSI_REFL/001/2019_TALL_5,20190423T162839_20190423T164404_T16SDB,-87.41110771042051,32.9085227923209,2019-04-23,0.9098039215686274,2019-04-27,-4,461491.7677588154,3641893.5660184575,EPSG:32616,NA5120_E1801N0548,4,NEON_S2__0192,COPERNICUS/S2_SR_HARMONIZED/20190423T162839_20190423T164404_T16SDB
projects/neon-prod-earthengine/assets/HSI_REFL/001/2020_CPER_5,20200612T173911_20200612T174503_T13TEF,-104.75074865060915,40.81944651039105,2020-06-12,0.9019607843137256,2020-06-14,-2,522901.7805693787,4518221.870780458,EPSG:32613,NA5120_E1494N0713,2,NEON_S2__0198,COPERNICUS/S2_SR_HARMONIZED/20200612T173911_20200612T174503_T13TEF
projects/neon-prod-earthengine/assets/HSI_REFL/001/2020_NIWO_4,20200720T174909_20200720T175738_T13TDE,-105.57863601645371,40.03755288709343,2020-07-20,0.9058823529411764,2020-07-20,0,448969.90451506857,4433895.238748319,EPSG:32613,NA5120_E1478N0698,0,NEON_S2__0205,COPERNICUS/S2_SR_HARMONIZED/20200720T174909_20200720T175738_T13TDE
projects/neon-prod-earthengine/assets/HSI_REFL/001/2020_RMNP_3,20200630T174909_20200630T175742_T13TDE,-105.48664853135988,40.2215278572811,2020-06-30,0.9098039215686274,2020-06-27,3,457679.53039137577,4450162.460996473,EPSG:32613,NA5120_E1480N0701,3,NEON_S2__0211,COPERNICUS/S2_SR_HARMONIZED/20200630T174909_20200630T175742_T13TDE
projects/neon-prod-earthengine/assets/HSI_REFL/001/2020_YELL_3,20200706T180919_20200706T181535_T12TWQ,-110.63794769661486,44.95888333961381,2020-07-06,0.9019607843137256,2020-07-05,1,529908.2475609473,4978672.133515896,EPSG:32612,NA5120_E1412N0815,1,NEON_S2__0217,COPERNICUS/S2_SR_HARMONIZED/20200706T180919_20200706T181535_T12TWQ
projects/neon-prod-earthengine/assets/HSI_REFL/001/2021_ABBY_4,20210719T190919_20210719T191700_T10TER,-122.36635204607931,45.74077696291144,2021-07-19,0.9137254901960784,2021-07-19,0,550288.2756978411,5065763.20573849,EPSG:32610,NA5120_E1242N0877,0,NEON_S2__0253,COPERNICUS/S2_SR_HARMONIZED/20210719T190919_20210719T191700_T10TER
projects/neon-prod-earthengine/assets/HSI_REFL/001/2021_BONA_4,20210719T214531_20210719T214533_T06WVT,-147.52492921924429,65.15013631771147,2021-07-19,0.9098039215686274,2021-07-13,6,475154.775890875,7227611.056272239,EPSG:32606,NA5120_E1195N1400,6,NEON_S2__0270,COPERNICUS/S2_SR_HARMONIZED/20210719T214531_20210719T214533_T06WVT
projects/neon-prod-earthengine/assets/HSI_REFL/001/2021_CLBJ_5,20210613T170849_20210613T171949_T14SPB,-97.66771229838356,33.368460217790094,2021-06-13,0.9058823529411764,2021-06-19,-6,625944.0521368855,3693233.480103688,EPSG:32614,NA5120_E1611N0546,6,NEON_S2__0277,COPERNICUS/S2_SR_HARMONIZED/20210613T170849_20210613T171949_T14SPB
projects/neon-prod-earthengine/assets/HSI_REFL/001/2021_CPER_8,20210528T173901_20210528T174555_T13TEF,-104.75074865060915,40.81944651039105,2021-05-28,0.9019607843137256,2021-05-25,3,522901.7805693787,4518221.870780458,EPSG:32613,NA5120_E1494N0713,3,NEON_S2__0282,COPERNICUS/S2_SR_HARMONIZED/20210528T173901_20210528T174555_T13TEF
projects/neon-prod-earthengine/assets/HSI_REFL/001/2021_HEAL_4,20210704T214529_20210704T214647_T05VPL,-149.2266976934803,63.862311526397725,2021-07-04,0.9019607843137256,2021-07-12,-8,390685.1177581016,7084654.227494199,EPSG:32606,NA5120_E1163N1390,8,NEON_S2__0290,COPERNICUS/S2_SR_HARMONIZED/20210704T214529_20210704T214647_T05VPL
projects/neon-prod-earthengine/assets/HSI_REFL/001/2021_JERC_6,20210906T161829_20210906T163128_T16RGV,-84.5594956725115,31.29874180317872,2021-09-06,0.9098039215686274,2021-09-05,1,733993.9035933707,3465403.795823336,EPSG:32616,NA5120_E1859N0521,1,NEON_S2__0295,COPERNICUS/S2_SR_HARMONIZED/20210906T161829_20210906T163128_T16RGV
projects/neon-prod-earthengine/assets/HSI_REFL/001/2021_OAES_5,20210616T171859_20210616T172546_T14SME,-99.09351831733808,35.34619114730764,2021-06-16,0.9058823529411764,2021-06-22,-6,491445.950642996,3911015.693259932,EPSG:32614,NA5120_E1585N0589,6,NEON_S2__0307,COPERNICUS/S2_SR_HARMONIZED/20210616T171859_20210616T172546_T14SME
projects/neon-prod-earthengine/assets/HSI_REFL/001/2021_OSBS_6,20210905T155901_20210905T160747_T17RLN,-81.98384608988401,29.734954556583457,2021-09-05,0.9058823529411764,2021-08-31,5,406196.9280829108,3289169.3733612294,EPSG:32617,NA5120_E1913N0496,5,NEON_S2__0314,COPERNICUS/S2_SR_HARMONIZED/20210905T155901_20210905T160747_T17RLN
projects/neon-prod-earthengine/assets/HSI_REFL/001/2021_SERC_5,20210808T154809_20210808T155521_T18SUJ,-76.60257821189442,38.88770932342044,2021-08-08,0.9098039215686274,2021-08-11,-3,362128.4205379884,4306260.971004153,EPSG:32618,NA5120_E1967N0714,3,NEON_S2__0316,COPERNICUS/S2_SR_HARMONIZED/20210808T154809_20210808T155521_T18SUJ
projects/neon-prod-earthengine/assets/HSI_REFL/001/2021_SJER_5,20210401T183919_20210401T184709_T10SGG,-119.74470872090492,37.093953364090574,2021-04-01,0.9098039215686274,2021-03-31,1,256313.93843769428,4107087.735670382,EPSG:32611,NA5120_E1228N0682,1,NEON_S2__0323,COPERNICUS/S2_SR_HARMONIZED/20210401T183919_20210401T184709_T10SGG
projects/neon-prod-earthengine/assets/HSI_REFL/001/2021_SOAP_5,20210715T183921_20210715T184627_T11SKB,-119.2387775528888,37.04795962154365,2021-07-15,0.9058823529411764,2021-07-12,3,299155.24369540846,4102754.4700977015,EPSG:32611,NA5120_E1236N0679,3,NEON_S2__0337,COPERNICUS/S2_SR_HARMONIZED/20210715T183921_20210715T184627_T11SKB
projects/neon-prod-earthengine/assets/HSI_REFL/001/2021_SRER_4,20210827T175909_20210827T180943_T12SWA,-110.86791640934943,31.75867922864792,2021-08-27,0.9019607843137256,2021-08-23,4,511610.3340084088,3512789.1693388447,EPSG:32612,NA5120_E1362N0532,4,NEON_S2__0346,COPERNICUS/S2_SR_HARMONIZED/20210827T175909_20210827T180943_T12SWA
projects/neon-prod-earthengine/assets/HSI_REFL/001/2021_TALL_6,20210422T162829_20210422T163638_T16SDB,-87.41110771042051,32.9085227923209,2021-04-22,0.9058823529411764,2021-04-26,-4,461491.7677588154,3641893.5660184575,EPSG:32616,NA5120_E1801N0548,4,NEON_S2__0353,COPERNICUS/S2_SR_HARMONIZED/20210422T162829_20210422T163638_T16SDB
projects/neon-prod-earthengine/assets/HSI_REFL/002/2022_ABBY_5,20220711T185919_20220711T190833_T10TER,-122.36635204607931,45.74077696291144,2022-07-11,0.9176470588235294,2022-07-11,0,550288.2756978411,5065763.20573849,EPSG:32610,NA5120_E1242N0877,0,NEON_S2__0359,COPERNICUS/S2_SR_HARMONIZED/20220711T185919_20220711T190833_T10TER
projects/neon-prod-earthengine/assets/HSI_REFL/002/2022_ARIK_4,20220709T172911_20220709T174059_T13TGE,-102.54304900835704,39.71559668926499,2022-07-09,0.9019607843137256,2022-07-07,2,712488.0097628528,4397738.134227824,EPSG:32613,NA5120_E1529N0686,2,NEON_S2__0371,COPERNICUS/S2_SR_HARMONIZED/20220709T172911_20220709T174059_T13TGE
projects/neon-prod-earthengine/assets/HSI_REFL/002/2022_BART_6,20220830T153809_20220830T154654_T19TCJ,-71.22131033390484,44.03900848867542,2022-08-30,0.9019607843137256,2022-08-19,11,320475.37313091767,4879088.591556116,EPSG:32619,NA5120_E2018N0849,11,NEON_S2__0380,COPERNICUS/S2_SR_HARMONIZED/20220830T153809_20220830T154654_T19TCJ
projects/neon-prod-earthengine/assets/HSI_REFL/002/2022_BLAN_5,20220518T155819_20220518T160526_T17SQD,-78.02838423084893,39.11767803615504,2022-05-18,0.9019607843137256,2022-05-21,-3,756263.1653956482,4332487.989448091,EPSG:32617,NA5120_E1942N0712,3,NEON_S2__0381,COPERNICUS/S2_SR_HARMONIZED/20220518T155819_20220518T160526_T17SQD
projects/neon-prod-earthengine/assets/HSI_REFL/002/2022_CLBJ_6,20220514T170851_20220514T171813_T14SPB,-97.66771229838356,33.368460217790094,2022-05-14,0.9058823529411764,2022-05-06,8,625944.0521368855,3693233.480103688,EPSG:32614,NA5120_E1611N0546,8,NEON_S2__0385,COPERNICUS/S2_SR_HARMONIZED/20220514T170851_20220514T171813_T14SPB
projects/neon-prod-earthengine/assets/HSI_REFL/002/2022_GRSM_7,20220923T161001_20220923T161444_T17SKV,-83.59362707902619,35.62215360258915,2022-09-23,0.9098039215686274,2022-09-23,0,265621.5671535979,3945859.926418435,EPSG:32617,NA5120_E1862N0617,0,NEON_S2__0395,COPERNICUS/S2_SR_HARMONIZED/20220923T161001_20220923T161444_T17SKV
projects/neon-prod-earthengine/assets/HSI_REFL/002/2022_GUAN_2,20221103T150719_20221103T150717_T19QGV,-66.85190479194749,18.006550207118984,2022-11-03,0.9058823529411764,2022-10-21,13,725427.0628418749,1990403.4290000405,EPSG:32619,NA5120_E2274N0333,13,NEON_S2__0443,COPERNICUS/S2_SR_HARMONIZED/20221103T150719_20221103T150717_T19QGV
projects/neon-prod-earthengine/assets/HSI_REFL/002/2022_JORN_5,20220903T174921_20220903T175451_T13SCS,-106.82046706522054,32.678554079586306,2022-09-03,0.9019607843137256,2022-09-04,-1,329091.43711336795,3616242.259540613,EPSG:32613,NA5120_E1440N0541,1,NEON_S2__0444,COPERNICUS/S2_SR_HARMONIZED/20220903T174921_20220903T175451_T13SCS
projects/neon-prod-earthengine/assets/HSI_REFL/002/2022_KONZ_7,20220613T170901_20220613T172041_T14SQJ,-96.6098562198044,39.07168429360812,2022-06-13,0.9098039215686274,2022-06-13,0,707367.584365901,4329335.463781447,EPSG:32614,NA5120_E1629N0670,0,NEON_S2__0446,COPERNICUS/S2_SR_HARMONIZED/20220613T170901_20220613T172041_T14SQJ
projects/neon-prod-earthengine/assets/HSI_REFL/002/2022_LAJA_2,20221103T150719_20221103T150717_T19QGA,-67.03587976213517,18.052543949665903,2022-11-03,0.9058823529411764,2022-11-02,1,706990.4676127895,1997302.268943492,EPSG:32619,NA5120_E2270N0333,1,NEON_S2__0459,COPERNICUS/S2_SR_HARMONIZED/20221103T150719_20221103T150717_T19QGA
projects/neon-prod-earthengine/assets/HSI_REFL/002/2022_MCDI_3,20220613T170901_20220613T172041_T14SQJ,-96.47187499216363,38.93370306596736,2022-06-13,0.9137254901960784,2022-06-14,-1,717759.3250565998,4314122.804297642,EPSG:32614,NA5120_E1631N0667,1,NEON_S2__0466,COPERNICUS/S2_SR_HARMONIZED/20220613T170901_20220613T172041_T14SQJ
projects/neon-prod-earthengine/assets/HSI_REFL/002/2022_MLBS_5,20220923T161001_20220923T161444_T17SNB,-80.55804007092951,37.415909561919015,2022-09-23,0.9137254901960784,2022-09-21,2,541130.4166826316,4141465.1483827857,EPSG:32617,NA5120_E1908N0666,2,NEON_S2__0471,COPERNICUS/S2_SR_HARMONIZED/20220923T161001_20220923T161444_T17SNB
projects/neon-prod-earthengine/assets/HSI_REFL/002/2022_MOAB_6,20220429T175921_20220429T180752_T12SXH,-109.39611664784805,38.24379692776356,2022-04-29,0.9058823529411764,2022-04-30,-1,640133.7672718331,4232284.211199537,EPSG:32612,NA5120_E1409N0667,1,NEON_S2__0476,COPERNICUS/S2_SR_HARMONIZED/20220429T175921_20220429T180752_T12SXH
projects/neon-prod-earthengine/assets/HSI_REFL/002/2022_OAES_6,20220507T171901_20220507T172600_T14SME,-99.09351831733808,35.392184889854555,2022-05-07,0.9019607843137256,2022-05-09,-2,491357.0940160986,3916132.4304857138,EPSG:32614,NA5120_E1585N0590,2,NEON_S2__0483,COPERNICUS/S2_SR_HARMONIZED/20220507T171901_20220507T172600_T14SME
projects/neon-prod-earthengine/assets/HSI_REFL/002/2022_ONAQ_4,20220430T181909_20220430T182723_T12TUK,-112.47769739849164,40.17553411473418,2022-04-30,0.9019607843137256,2022-05-05,-5,372761.8953783614,4448401.6358216,EPSG:32612,NA5120_E1364N0718,5,NEON_S2__0485,COPERNICUS/S2_SR_HARMONIZED/20220430T181909_20220430T182723_T12TUK
projects/neon-prod-earthengine/assets/HSI_REFL/002/2022_PRIN_5,20220509T170849_20220509T171847_T14SPC,-97.80569352602431,33.368460217790094,2022-05-09,0.9019607843137256,2022-05-06,3,610857.4334480397,3693005.202016,EPSG:32614,NA5120_E1608N0546,3,NEON_S2__0496,COPERNICUS/S2_SR_HARMONIZED/20220509T170849_20220509T171847_T14SPC
projects/neon-prod-earthengine/assets/HSI_REFL/002/2022_RMNP_4,20220725T174921_20220725T180015_T13TDE,-105.48664853135988,40.17553411473418,2022-07-25,0.9058823529411764,2022-07-25,0,458148.7607800604,4445075.759657461,EPSG:32613,NA5120_E1480N0700,0,NEON_S2__0501,COPERNICUS/S2_SR_HARMONIZED/20220725T174921_20220725T180015_T13TDE
projects/neon-prod-earthengine/assets/HSI_REFL/002/2022_SERC_6,20220530T154821_20220530T155101_T18SUJ,-76.60257821189442,38.88770932342044,2022-05-30,0.9098039215686274,2022-05-29,1,362128.4205379884,4306260.971004153,EPSG:32618,NA5120_E1967N0714,1,NEON_S2__0502,COPERNICUS/S2_SR_HARMONIZED/20220530T154821_20220530T155101_T18SUJ
projects/neon-prod-earthengine/assets/HSI_REFL/002/2022_SRER_5,20220906T175921_20220906T181138_T12SWA,-110.82192266680254,31.75867922864792,2022-09-06,0.9019607843137256,2022-08-29,8,516559.7503898245,3513644.8245201884,EPSG:32612,NA5120_E1363N0532,8,NEON_S2__0506,COPERNICUS/S2_SR_HARMONIZED/20220906T175921_20220906T181138_T12SWA
projects/neon-prod-earthengine/assets/HSI_REFL/002/2022_STEI_5,20220622T164849_20220622T165013_T15TYL,-89.57281361012572,45.46481450762992,2022-06-22,0.9098039215686274,2022-06-09,13,299952.41514574323,5039399.338171457,EPSG:32616,NA5120_E1735N0815,13,NEON_S2__0507,COPERNICUS/S2_SR_HARMONIZED/20220622T164849_20220622T165013_T15TYL
projects/neon-prod-earthengine/assets/HSI_REFL/002/2022_STER_4,20220717T173909_20220717T174744_T13TFE,-103.04898017637314,40.49749031256262,2022-07-17,0.9019607843137256,2022-07-17,0,663781.3570500092,4485633.362922423,EPSG:32613,NA5120_E1521N0704,0,NEON_S2__0518,COPERNICUS/S2_SR_HARMONIZED/20220717T173909_20220717T174744_T13TFE
projects/neon-prod-earthengine/assets/HSI_REFL/002/2022_TOOL_4,20220803T214541_20220803T214540_T05WPS,-149.54865389130876,68.59966700873044,2022-08-03,0.9137254901960784,2022-08-03,0,395947.4139309033,7611765.459610993,EPSG:32606,NA5120_E1238N1467,0,NEON_S2__0526,COPERNICUS/S2_SR_HARMONIZED/20220803T214541_20220803T214540_T05WPS
projects/neon-prod-earthengine/assets/HSI_REFL/002/2022_UKFS_6,20220603T170901_20220603T171607_T15SUD,-95.18405020084992,39.0256905510612,2022-06-03,0.9137254901960784,2022-06-09,-6,309868.89090271934,4321232.505179466,EPSG:32615,NA5120_E1653N0669,6,NEON_S2__0541,COPERNICUS/S2_SR_HARMONIZED/20220603T170901_20220603T171607_T15SUD
projects/neon-prod-earthengine/assets/HSI_REFL/002/2022_UNDE_5,20220620T165901_20220620T171040_T15TYM,-89.52681986757881,46.20071438838064,2022-06-20,0.9019607843137256,2022-06-20,0,305908.96032829466,5121157.336384269,EPSG:32616,NA5120_E1734N0831,0,NEON_S2__0553,COPERNICUS/S2_SR_HARMONIZED/20220620T165901_20220620T171040_T15TYM
projects/neon-prod-earthengine/assets/HSI_REFL/002/2022_WREF_5,20220711T185919_20220711T190833_T10TER,-121.99840210570396,45.83276444800528,2022-07-11,0.9098039215686274,2022-07-11,0,579219.5897535913,5076008.724519208,EPSG:32610,NA5120_E1248N0877,0,NEON_S2__0575,COPERNICUS/S2_SR_HARMONIZED/20220711T185919_20220711T190833_T10TER
projects/neon-prod-earthengine/assets/HSI_REFL/002/2022_YELL_4,20220626T180919_20220626T181411_T12TWQ,-110.54596021152102,44.91288959706689,2022-06-26,0.9098039215686274,2022-06-22,4,535815.1755843486,4974565.84138546,EPSG:32612,NA5120_E1413N0814,4,NEON_S2__0586,COPERNICUS/S2_SR_HARMONIZED/20220626T180919_20220626T181411_T12TWQ
projects/neon-prod-earthengine/assets/HSI_REFL/002/2023_ABBY_6,20230629T190919_20230629T192029_T10TER,-122.36635204607931,45.74077696291144,2023-06-29,0.9137254901960784,2023-06-28,1,550288.2756978411,5065763.20573849,EPSG:32610,NA5120_E1242N0877,1,NEON_S2__0595,COPERNICUS/S2_SR_HARMONIZED/20230629T190919_20230629T192029_T10TER
projects/neon-prod-earthengine/assets/HSI_REFL/002/2023_ARIK_5,20230816T173911_20230816T175049_T13TGE,-102.4510615232632,39.71559668926499,2023-08-16,0.9019607843137256,2023-08-14,2,717548.5145054545,4398211.520345865,EPSG:32613,NA5120_E1530N0686,2,NEON_S2__0610,COPERNICUS/S2_SR_HARMONIZED/20230816T173911_20230816T175049_T13TGE
projects/neon-prod-earthengine/assets/HSI_REFL/002/2023_CLBJ_7,20230509T170851_20230509T172140_T14SPB,-97.57572481328972,33.368460217790094,2023-05-09,0.9019607843137256,2023-05-17,-8,630973.1039415916,3693307.8351263576,EPSG:32614,NA5120_E1612N0546,8,NEON_S2__0614,COPERNICUS/S2_SR_HARMONIZED/20230509T170851_20230509T172140_T14SPB
projects/neon-prod-earthengine/assets/HSI_REFL/002/2023_DEJU_5,20230720T211521_20230720T211515_T06VWR,-145.77716700246137,63.862311526397725,2023-07-20,0.9098039215686274,2023-07-21,-1,560797.8370896252,7081945.251757075,EPSG:32606,NA5120_E1187N1367,1,NEON_S2__0618,COPERNICUS/S2_SR_HARMONIZED/20230720T211521_20230720T211515_T06VWR
projects/neon-prod-earthengine/assets/HSI_REFL/002/2023_DELA_7,20230527T162841_20230527T163244_T16SDB,-87.82505139334279,32.54057285194555,2023-05-27,0.9019607843137256,2023-05-25,2,421296.9039444965,3600933.9198810454,EPSG:32616,NA5120_E1794N0539,2,NEON_S2__0621,COPERNICUS/S2_SR_HARMONIZED/20230527T162841_20230527T163244_T16SDB
projects/neon-prod-earthengine/assets/HSI_REFL/002/2023_DSNY_7,20230418T155821_20230418T160614_T17RMM,-81.43192117932098,28.07917982489436,2023-04-18,0.9019607843137256,2023-04-18,0,455604.7785351576,3108183.125341052,EPSG:32617,NA5120_E1929N0463,0,NEON_S2__0623,COPERNICUS/S2_SR_HARMONIZED/20230418T155821_20230418T160614_T17RMM
projects/neon-prod-earthengine/assets/HSI_REFL/002/2023_HEAL_5,20230813T214539_20230813T214533_T06VUR,-149.13471020838648,63.908305268944645,2023-08-13,0.9058823529411764,2023-08-13,0,394431.5017316815,7087988.381597155,EPSG:32606,NA5120_E1164N1390,0,NEON_S2__0628,COPERNICUS/S2_SR_HARMONIZED/20230813T214539_20230813T214533_T06VUR
projects/neon-prod-earthengine/assets/HSI_REFL/002/2023_JERC_7,20230504T161831_20230504T162707_T16RGV,-84.46750818741766,31.2527480606318,2023-05-04,0.9019607843137256,2023-05-02,2,743327.0286486651,3458925.4443611503,EPSG:32616,NA5120_E1861N0520,2,NEON_S2__0642,COPERNICUS/S2_SR_HARMONIZED/20230504T161831_20230504T162707_T16RGV
projects/neon-prod-earthengine/assets/HSI_REFL/002/2023_KONZ_8,20230524T170859_20230524T171356_T14SQJ,-96.6098562198044,39.07168429360812,2023-05-24,0.9058823529411764,2023-05-26,-2,707367.584365901,4329335.463781447,EPSG:32614,NA5120_E1629N0670,2,NEON_S2__0646,COPERNICUS/S2_SR_HARMONIZED/20230524T170859_20230524T171356_T14SQJ
projects/neon-prod-earthengine/assets/HSI_REFL/002/2023_LENO_7,20230502T162839_20230502T163556_T16SCA,-88.19300133371814,31.850666713741752,2023-05-02,0.9137254901960784,2023-05-14,-12,387091.7254630111,3523107.1428579376,EPSG:32616,NA5120_E1789N0523,12,NEON_S2__0650,COPERNICUS/S2_SR_HARMONIZED/20230502T162839_20230502T163556_T16SCA
projects/neon-prod-earthengine/assets/HSI_REFL/002/2023_MLBS_6,20230602T155819_20230602T160940_T17SNB,-80.55804007092951,37.369915819372096,2023-06-02,0.9058823529411764,2023-06-02,0,540139.0632271835,4136492.085378991,EPSG:32617,NA5120_E1908N0665,0,NEON_S2__0653,COPERNICUS/S2_SR_HARMONIZED/20230602T155819_20230602T160940_T17SNB
projects/neon-prod-earthengine/assets/HSI_REFL/002/2023_MOAB_7,20230429T175919_20230429T180919_T12SXH,-109.39611664784805,38.24379692776356,2023-04-29,0.9019607843137256,2023-04-28,1,640133.7672718331,4232284.211199537,EPSG:32612,NA5120_E1409N0667,1,NEON_S2__0661,COPERNICUS/S2_SR_HARMONIZED/20230429T175919_20230429T180919_T12SXH
projects/neon-prod-earthengine/assets/HSI_REFL/002/2023_NIWO_5,20230715T174909_20230715T175717_T13TDE,-105.57863601645371,40.03755288709343,2023-07-15,0.9019607843137256,2023-07-24,-9,448969.90451506857,4433895.238748319,EPSG:32613,NA5120_E1478N0698,9,NEON_S2__0666,COPERNICUS/S2_SR_HARMONIZED/20230715T174909_20230715T175717_T13TDE
projects/neon-prod-earthengine/assets/HSI_REFL/002/2023_NOGP_6,20230702T173909_20230702T174715_T14TLS,-100.88727427666792,46.79863304149059,2023-07-02,0.9098039215686274,2023-06-26,6,355274.2528567529,5182696.952810902,EPSG:32614,NA5120_E1563N0838,6,NEON_S2__0667,COPERNICUS/S2_SR_HARMONIZED/20230702T173909_20230702T174715_T14TLS
projects/neon-prod-earthengine/assets/HSI_REFL/002/2023_OAES_7,20230507T171859_20230507T172536_T14SME,-99.13951205988498,35.392184889854555,2023-05-07,0.9098039215686274,2023-05-08,-1,486311.14088590926,3916033.140110683,EPSG:32614,NA5120_E1584N0590,1,NEON_S2__0672,COPERNICUS/S2_SR_HARMONIZED/20230507T171859_20230507T172536_T14SME
projects/neon-prod-earthengine/assets/HSI_REFL/002/2023_ONAQ_5,20230427T180911_20230427T181732_T12TUK,-112.47769739849164,40.17553411473418,2023-04-27,0.9019607843137256,2023-04-26,1,372761.8953783614,4448401.6358216,EPSG:32612,NA5120_E1364N0718,1,NEON_S2__0681,COPERNICUS/S2_SR_HARMONIZED/20230427T180911_20230427T181732_T12TUK
projects/neon-prod-earthengine/assets/HSI_REFL/002/2023_OSBS_7,20230423T155819_20230423T160343_T17RLN,-82.02983983243092,29.688960814036538,2023-04-23,0.9019607843137256,2023-04-23,0,400411.7693653469,3285192.7822099244,EPSG:32617,NA5120_E1912N0495,0,NEON_S2__0692,COPERNICUS/S2_SR_HARMONIZED/20230423T155819_20230423T160343_T17RLN
projects/neon-prod-earthengine/assets/HSI_REFL/002/2023_SJER_6,20230401T183929_20230401T184336_T11SKB,-119.74470872090492,37.13994710663749,2023-04-01,0.9176470588235294,2023-04-01,0,255133.685255449,4111988.392538028,EPSG:32611,NA5120_E1228N0683,0,NEON_S2__0722,COPERNICUS/S2_SR_HARMONIZED/20230401T183929_20230401T184336_T11SKB
projects/neon-prod-earthengine/assets/HSI_REFL/002/2023_SOAP_7,20230705T183921_20230705T184701_T11SKB,-119.2387775528888,37.04795962154365,2023-07-05,0.9019607843137256,2023-07-06,-1,299155.24369540846,4102754.4700977015,EPSG:32611,NA5120_E1236N0679,1,NEON_S2__0726,COPERNICUS/S2_SR_HARMONIZED/20230705T183921_20230705T184701_T11SKB
projects/neon-prod-earthengine/assets/HSI_REFL/002/2023_TEAK_6,20230710T183929_20230710T184227_T11SLA,-119.05480258270111,37.001965878996735,2023-07-10,0.9137254901960784,2023-07-08,2,316244.0532451997,4096822.434450097,EPSG:32611,NA5120_E1239N0677,2,NEON_S2__0734,COPERNICUS/S2_SR_HARMONIZED/20230710T183929_20230710T184227_T11SLA
projects/neon-prod-earthengine/assets/HSI_REFL/002/2023_UKFS_7,20230526T165901_20230526T170604_T15SUD,-95.18405020084992,39.0256905510612,2023-05-26,0.9058823529411764,2023-05-24,2,309868.89090271934,4321232.505179466,EPSG:32615,NA5120_E1653N0669,2,NEON_S2__0765,COPERNICUS/S2_SR_HARMONIZED/20230526T165901_20230526T170604_T15SUD
projects/neon-prod-earthengine/assets/HSI_REFL/002/2023_WOOD_6,20230702T173909_20230702T174715_T14TMT,-99.23149954497882,47.16658298186595,2023-07-02,0.9058823529411764,2023-06-20,12,482327.52143544273,5221188.344223438,EPSG:32614,NA5120_E1588N0845,12,NEON_S2__0773,COPERNICUS/S2_SR_HARMONIZED/20230702T173909_20230702T174715_T14TMT
projects/neon-prod-earthengine/assets/HSI_REFL/002/2023_WREF_6,20230626T185919_20230626T190838_T10TER,-121.95240836315703,45.78677070545836,2023-06-26,0.9019607843137256,2023-06-24,2,580875.5692769485,5071242.97075217,EPSG:32610,NA5120_E1248N0876,2,NEON_S2__0789,COPERNICUS/S2_SR_HARMONIZED/20230626T185919_20230626T190838_T10TER
projects/neon-prod-earthengine/assets/HSI_REFL/002/2023_YELL_5,20230714T181919_20230714T182951_T12TWQ,-110.54596021152102,44.91288959706689,2023-07-14,0.9058823529411764,2023-07-03,11,535815.1755843486,4974565.84138546,EPSG:32612,NA5120_E1413N0814,11,NEON_S2__0801,COPERNICUS/S2_SR_HARMONIZED/20230714T181919_20230714T182951_T12TWQ
projects/neon-prod-earthengine/assets/HSI_REFL/002/2024_BART_7,20240903T153941_20240903T154200_T18TYP,-71.31329781899869,44.03900848867542,2024-09-03,0.9058823529411764,2024-08-30,4,315717.7153769953,4880965.478363737,EPSG:32619,NA5120_E2017N0849,4,NEON_S2__0809,COPERNICUS/S2_SR_HARMONIZED/20240903T153941_20240903T154200_T18TYP
projects/neon-prod-earthengine/assets/HSI_REFL/002/2024_BONA_6,20240712T212519_20240712T212554_T06WVT,-147.52492921924429,65.15013631771147,2024-07-12,0.9058823529411764,2024-07-10,2,475154.775890875,7227611.056272239,EPSG:32606,NA5120_E1195N1400,2,NEON_S2__0821,COPERNICUS/S2_SR_HARMONIZED/20240712T212519_20240712T212554_T06WVT
projects/neon-prod-earthengine/assets/HSI_REFL/002/2024_CLBJ_8,20240518T170849_20240518T171459_T14SPB,-97.66771229838356,33.368460217790094,2024-05-18,0.9058823529411764,2024-05-14,4,625944.0521368855,3693233.480103688,EPSG:32614,NA5120_E1611N0546,4,NEON_S2__0835,COPERNICUS/S2_SR_HARMONIZED/20240518T170849_20240518T171459_T14SPB
projects/neon-prod-earthengine/assets/HSI_REFL/002/2024_DELA_8,20240521T162901_20240521T163325_T16SDB,-87.77905765079586,32.54057285194555,2024-05-21,0.9019607843137256,2024-05-21,0,426279.7611186506,3600276.130957365,EPSG:32616,NA5120_E1795N0539,0,NEON_S2__0844,COPERNICUS/S2_SR_HARMONIZED/20240521T162901_20240521T163325_T16SDB
projects/neon-prod-earthengine/assets/HSI_REFL/002/2024_HARV_8,20240814T153941_20240814T154651_T18TYN,-72.23317266993708,42.52121498462708,2024-08-14,0.9019607843137256,2024-08-14,0,728125.6852333196,4711201.374977781,EPSG:32618,NA5120_E2014N0812,0,NEON_S2__0847,COPERNICUS/S2_SR_HARMONIZED/20240814T153941_20240814T154651_T18TYN
projects/neon-prod-earthengine/assets/HSI_REFL/002/2024_HEAL_6,20240720T213531_20240720T213709_T06VUR,-149.2266976934803,63.862311526397725,2024-07-20,0.9137254901960784,2024-07-19,1,390685.1177581016,7084654.227494199,EPSG:32606,NA5120_E1163N1390,1,NEON_S2__0851,COPERNICUS/S2_SR_HARMONIZED/20240720T213531_20240720T213709_T06VUR
projects/neon-prod-earthengine/assets/HSI_REFL/002/2024_JERC_8,20240423T161829_20240423T162829_T16RGV,-84.51350192996458,31.20675431808488,2024-04-23,0.9058823529411764,2024-05-08,-15,737750.243509446,3454586.3951119063,EPSG:32616,NA5120_E1860N0519,15,NEON_S2__0859,COPERNICUS/S2_SR_HARMONIZED/20240423T161829_20240423T162829_T16RGV
projects/neon-prod-earthengine/assets/HSI_REFL/002/2024_KONZ_9,20240612T170901_20240612T171745_T14SQJ,-96.56386247725747,39.07168429360812,2024-06-12,0.9058823529411764,2024-06-05,7,712444.7122405297,4329409.683011861,EPSG:32614,NA5120_E1630N0670,7,NEON_S2__0869,COPERNICUS/S2_SR_HARMONIZED/20240612T170901_20240612T171745_T14SQJ
projects/neon-prod-earthengine/assets/HSI_REFL/002/2024_LENO_8,20240511T162901_20240511T163657_T16SCA,-88.19300133371814,31.850666713741752,2024-05-11,0.9098039215686274,2024-05-26,-15,387091.7254630111,3523107.1428579376,EPSG:32616,NA5120_E1789N0523,15,NEON_S2__0872,COPERNICUS/S2_SR_HARMONIZED/20240511T162901_20240511T163657_T16SCA
projects/neon-prod-earthengine/assets/HSI_REFL/002/2024_MCDI_4,20240612T170901_20240612T171745_T14SQJ,-96.47187499216363,38.93370306596736,2024-06-12,0.9098039215686274,2024-06-12,0,717759.3250565998,4314122.804297642,EPSG:32614,NA5120_E1631N0667,0,NEON_S2__0873,COPERNICUS/S2_SR_HARMONIZED/20240612T170901_20240612T171745_T14SQJ
projects/neon-prod-earthengine/assets/HSI_REFL/002/2024_OAES_8,20240521T171859_20240521T172520_T14SME,-99.13951205988498,35.34619114730764,2024-05-21,0.9058823529411764,2024-05-21,0,486400.39076451847,3910916.434408161,EPSG:32614,NA5120_E1584N0589,0,NEON_S2__0875,COPERNICUS/S2_SR_HARMONIZED/20240521T171859_20240521T172520_T14SME
projects/neon-prod-earthengine/assets/HSI_REFL/002/2024_PRIN_7,20240518T170849_20240518T171459_T14SPB,-97.80569352602431,33.368460217790094,2024-05-18,0.9137254901960784,2024-05-19,-1,610857.4334480397,3693005.202016,EPSG:32614,NA5120_E1608N0546,1,NEON_S2__0885,COPERNICUS/S2_SR_HARMONIZED/20240518T170849_20240518T171459_T14SPB
projects/neon-prod-earthengine/assets/HSI_REFL/002/2024_SJER_7,20240410T183921_20240410T185302_T10SGG,-119.74470872090492,37.093953364090574,2024-04-10,0.9137254901960784,2024-04-02,8,256313.93843769428,4107087.735670382,EPSG:32611,NA5120_E1228N0682,8,NEON_S2__0889,COPERNICUS/S2_SR_HARMONIZED/20240410T183921_20240410T185302_T10SGG
projects/neon-prod-earthengine/assets/HSI_REFL/002/2024_SOAP_8,20240609T183921_20240609T185104_T11SKB,-119.2387775528888,37.001965878996735,2024-06-09,0.9058823529411764,2024-06-10,-1,300330.8451279858,4097850.5304439072,EPSG:32611,NA5120_E1236N0678,1,NEON_S2__0896,COPERNICUS/S2_SR_HARMONIZED/20240609T183921_20240609T185104_T11SKB
projects/neon-prod-earthengine/assets/HSI_REFL/002/2024_SRER_6,20240831T175919_20240831T181230_T12SVA,-110.9599038944433,31.80467297119484,2024-08-31,0.9019607843137256,2024-09-02,-2,505908.0613676269,3516959.975530469,EPSG:32612,NA5120_E1361N0533,2,NEON_S2__0916,COPERNICUS/S2_SR_HARMONIZED/20240831T175919_20240831T181230_T12SVA
projects/neon-prod-earthengine/assets/HSI_REFL/002/2024_STEI_6,20240701T164849_20240701T165604_T16TCR,-89.48082612503188,45.51080825017685,2024-07-01,0.9019607843137256,2024-06-30,1,305700.11304068123,5043761.889030722,EPSG:32616,NA5120_E1736N0816,1,NEON_S2__0965,COPERNICUS/S2_SR_HARMONIZED/20240701T164849_20240701T165604_T16TCR
projects/neon-prod-earthengine/assets/HSI_REFL/002/2024_TEAK_7,20240614T183919_20240614T185209_T11SLA,-119.0088088401542,36.955972136449816,2024-06-14,0.9176470588235294,2024-06-12,2,322330.1851629608,4093207.5247833775,EPSG:32611,NA5120_E1240N0676,2,NEON_S2__0990,COPERNICUS/S2_SR_HARMONIZED/20240614T183919_20240614T185209_T11SLA
projects/neon-prod-earthengine/assets/HSI_REFL/002/2024_UKFS_8,20240609T165901_20240609T170704_T15SUD,-95.18405020084992,39.0256905510612,2024-06-09,0.9058823529411764,2024-06-06,3,309868.89090271934,4321232.505179466,EPSG:32615,NA5120_E1653N0669,3,NEON_S2__1011,COPERNICUS/S2_SR_HARMONIZED/20240609T165901_20240609T170704_T15SUD
