s2_id,longitude,latitude,time,cs_cdf,base_date,days_diff,neon_id,utm_x,utm_y,crs,id,exists_boa
20200720T174909_20200720T175738_T13TDE,-105.57863601645371,39.99155914454651,2020-07-20,0.9058823529411764,2020-07-20,0,projects/neon-prod-earthengine/assets/HSI_REFL/001/2020_NIWO_4,449438.8727788732,4428808.7564055845,EPSG:32613,NEON_S2__0089,True
20200720T174909_20200720T175738_T13TDE,-105.57863601645371,40.03755288709343,2020-07-20,0.9058823529411764,2020-07-20,0,projects/neon-prod-earthengine/assets/HSI_REFL/001/2020_NIWO_4,448969.90451506857,4433895.238748319,EPSG:32613,NEON_S2__0090,True
20200720T174909_20200720T175738_T13TDE,-105.5326422739068,39.99155914454651,2020-07-20,0.9098039215686274,2020-07-20,0,projects/neon-prod-earthengine/assets/HSI_REFL/001/2020_NIWO_4,454496.8554738138,4429312.416383037,EPSG:32613,NEON_S2__0091,True
20200720T174909_20200720T175738_T13TDE,-105.5326422739068,40.03755288709343,2020-07-20,0.9058823529411764,2020-07-20,0,projects/neon-prod-earthengine/assets/HSI_REFL/001/2020_NIWO_4,454028.1536226462,4434399.040678782,EPSG:32613,NEON_S2__0092,True
20210719T190919_20210719T191700_T10TER,-122.36635204607931,45.74077696291144,2021-07-19,0.9137254901960784,2021-07-19,0,projects/neon-prod-earthengine/assets/HSI_REFL/001/2021_ABBY_4,550288.2756978411,5065763.20573849,EPSG:32610,NEON_S2__0102,True
20210719T190919_20210719T191700_T10TER,-122.36635204607931,45.78677070545836,2021-07-19,0.9137254901960784,2021-07-19,0,projects/neon-prod-earthengine/assets/HSI_REFL/001/2021_ABBY_4,548632.0205747931,5070526.053871758,EPSG:32610,NEON_S2__0103,True
20210719T190919_20210719T191700_T10TER,-122.27436456098548,45.69478322036452,2021-07-19,0.9137254901960784,2021-07-19,0,projects/neon-prod-earthengine/assets/HSI_REFL/001/2021_ABBY_4,556765.5055805763,5062707.540308963,EPSG:32610,NEON_S2__0104,True
20210719T190919_20210719T191700_T10TER,-122.27436456098548,45.74077696291144,2021-07-19,0.9137254901960784,2021-07-19,0,projects/neon-prod-earthengine/assets/HSI_REFL/001/2021_ABBY_4,555109.9519185104,5067471.105404847,EPSG:32610,NEON_S2__0105,True
20220711T185919_20220711T190833_T10TER,-122.36635204607931,45.74077696291144,2022-07-11,0.9176470588235294,2022-07-11,0,projects/neon-prod-earthengine/assets/HSI_REFL/002/2022_ABBY_5,550288.2756978411,5065763.20573849,EPSG:32610,NEON_S2__0173,True
20220711T185919_20220711T190833_T10TER,-122.36635204607931,45.78677070545836,2022-07-11,0.9176470588235294,2022-07-11,0,projects/neon-prod-earthengine/assets/HSI_REFL/002/2022_ABBY_5,548632.0205747931,5070526.053871758,EPSG:32610,NEON_S2__0174,True
20220711T185919_20220711T190833_T10TER,-122.27436456098548,45.74077696291144,2022-07-11,0.9176470588235294,2022-07-11,0,projects/neon-prod-earthengine/assets/HSI_REFL/002/2022_ABBY_5,555109.9519185104,5067471.105404847,EPSG:32610,NEON_S2__0175,True
20220711T185919_20220711T190833_T10TER,-122.32035830353242,45.78677070545836,2022-07-11,0.9176470588235294,2022-07-11,0,projects/neon-prod-earthengine/assets/HSI_REFL/002/2022_ABBY_5,553453.615831048,5072234.385919138,EPSG:32610,NEON_S2__0176,True
20220923T161001_20220923T161444_T16SGE,-83.6396208215731,35.66814734513607,2022-09-23,0.9176470588235294,2022-09-23,0,projects/neon-prod-earthengine/assets/HSI_REFL/002/2022_GRSM_7,261616.52252766228,3951891.399721644,EPSG:32617,NEON_S2__0187,True
20220923T161001_20220923T161444_T16SGE,-83.6396208215731,35.66814734513607,2022-09-23,0.9176470588235294,2022-09-23,0,projects/neon-prod-earthengine/assets/HSI_REFL/002/2022_GRSM_7,261616.52252766228,3951891.399721644,EPSG:32617,NEON_S2__0188,True
20220923T161001_20220923T161444_T17SKV,-83.59362707902619,35.57615986004223,2022-09-23,0.9137254901960784,2022-09-23,0,projects/neon-prod-earthengine/assets/HSI_REFL/002/2022_GRSM_7,264672.5337241844,3940861.316464352,EPSG:32617,NEON_S2__0189,True
20220923T161001_20220923T161444_T17SKV,-83.59362707902619,35.62215360258915,2022-09-23,0.9098039215686274,2022-09-23,0,projects/neon-prod-earthengine/assets/HSI_REFL/002/2022_GRSM_7,265621.5671535979,3945859.926418435,EPSG:32617,NEON_S2__0190,True
20220923T161001_20220923T161444_T17SKV,-83.59362707902619,35.66814734513607,2022-09-23,0.9137254901960784,2022-09-23,0,projects/neon-prod-earthengine/assets/HSI_REFL/002/2022_GRSM_7,266571.2686234509,3950858.379278738,EPSG:32617,NEON_S2__0191,True
20220923T161001_20220923T161444_T17SKV,-83.54763333647927,35.57615986004223,2022-09-23,0.9098039215686274,2022-09-23,0,projects/neon-prod-earthengine/assets/HSI_REFL/002/2022_GRSM_7,269626.5116538632,3939828.587287852,EPSG:32617,NEON_S2__0192,True
20220923T161001_20220923T161444_T17SKV,-83.54763333647927,35.62215360258915,2022-09-23,0.9137254901960784,2022-09-23,0,projects/neon-prod-earthengine/assets/HSI_REFL/002/2022_GRSM_7,270575.790008912,3944826.728914789,EPSG:32617,NEON_S2__0193,True
20220923T161001_20220923T161444_T17SKV,-83.50163959393235,35.66814734513607,2022-09-23,0.9098039215686274,2022-09-23,0,projects/neon-prod-earthengine/assets/HSI_REFL/002/2022_GRSM_7,271525.7355120389,3949824.714154487,EPSG:32617,NEON_S2__0194,True
20220923T161001_20220923T161444_T17SKV,-83.50163959393235,35.71414108768299,2022-09-23,0.9137254901960784,2022-09-23,0,projects/neon-prod-earthengine/assets/HSI_REFL/002/2022_GRSM_7,272476.3475859064,3954822.5431251368,EPSG:32617,NEON_S2__0195,True
20220923T161001_20220923T161444_T17SKV,-83.45564585138543,35.62215360258915,2022-09-23,0.9176470588235294,2022-09-23,0,projects/neon-prod-earthengine/assets/HSI_REFL/002/2022_GRSM_7,275529.73556536925,3943792.8837036784,EPSG:32617,NEON_S2__0196,True
20220923T161001_20220923T161444_T17SKV,-83.45564585138543,35.66814734513607,2022-09-23,0.9098039215686274,2022-09-23,0,projects/neon-prod-earthengine/assets/HSI_REFL/002/2022_GRSM_7,276479.926002797,3948790.40319033,EPSG:32617,NEON_S2__0197,True
20220923T161001_20220923T161444_T17SKV,-83.45564585138543,35.71414108768299,2022-09-23,0.9176470588235294,2022-09-23,0,projects/neon-prod-earthengine/assets/HSI_REFL/002/2022_GRSM_7,277430.7821201011,3953787.7671151687,EPSG:32617,NEON_S2__0198,True
20220923T161001_20220923T161444_T17SKV,-83.40965210883851,35.66814734513607,2022-09-23,0.9176470588235294,2022-09-23,0,projects/neon-prod-earthengine/assets/HSI_REFL/002/2022_GRSM_7,281433.84290383186,3947755.4452260872,EPSG:32617,NEON_S2__0199,True
20220923T161001_20220923T161444_T17SKV,-83.40965210883851,35.71414108768299,2022-09-23,0.9137254901960784,2022-09-23,0,projects/neon-prod-earthengine/assets/HSI_REFL/002/2022_GRSM_7,282384.94396728894,3952752.345971402,EPSG:32617,NEON_S2__0200,True
20220717T173909_20220717T174744_T13TFE,-103.04898017637314,40.49749031256262,2022-07-17,0.9019607843137256,2022-07-17,0,projects/neon-prod-earthengine/assets/HSI_REFL/002/2022_STER_4,663781.3570500092,4485633.362922423,EPSG:32613,NEON_S2__0232,True
20220803T214541_20220803T214540_T05WPS,-149.54865389130876,68.59966700873044,2022-08-03,0.9137254901960784,2022-08-03,0,projects/neon-prod-earthengine/assets/HSI_REFL/002/2022_TOOL_4,395947.4139309033,7611765.459610993,EPSG:32606,NEON_S2__0236,True
20220620T165901_20220620T171040_T16TCS,-89.52681986757881,46.15472064583372,2022-06-20,0.9098039215686274,2022-06-20,0,projects/neon-prod-earthengine/assets/HSI_REFL/002/2022_UNDE_5,305217.4273290457,5116091.928091735,EPSG:32616,NEON_S2__0247,True
20220620T165901_20220620T171040_T16TCS,-89.52681986757881,46.20071438838064,2022-06-20,0.9058823529411764,2022-06-20,0,projects/neon-prod-earthengine/assets/HSI_REFL/002/2022_UNDE_5,305908.96032829466,5121157.336384269,EPSG:32616,NEON_S2__0248,True
20220620T165901_20220620T171040_T16TCS,-89.52681986757881,46.24670813092756,2022-06-20,0.9098039215686274,2022-06-20,0,projects/neon-prod-earthengine/assets/HSI_REFL/002/2022_UNDE_5,306600.87475123524,5126222.675410517,EPSG:32616,NEON_S2__0249,True
20220620T165901_20220620T171040_T16TCS,-89.43483238248497,46.15472064583372,2022-06-20,0.9058823529411764,2022-06-20,0,projects/neon-prod-earthengine/assets/HSI_REFL/002/2022_UNDE_5,310280.63606213254,5115384.748037769,EPSG:32616,NEON_S2__0250,True
20220620T165901_20220620T171040_T16TCS,-89.52681986757881,46.15472064583372,2022-06-20,0.9098039215686274,2022-06-20,0,projects/neon-prod-earthengine/assets/HSI_REFL/002/2022_UNDE_5,305217.4273290457,5116091.928091735,EPSG:32616,NEON_S2__0251,True
20220620T165901_20220620T171040_T16TCS,-89.52681986757881,46.20071438838064,2022-06-20,0.9058823529411764,2022-06-20,0,projects/neon-prod-earthengine/assets/HSI_REFL/002/2022_UNDE_5,305908.96032829466,5121157.336384269,EPSG:32616,NEON_S2__0252,True
20220620T165901_20220620T171040_T16TCS,-89.52681986757881,46.24670813092756,2022-06-20,0.9098039215686274,2022-06-20,0,projects/neon-prod-earthengine/assets/HSI_REFL/002/2022_UNDE_5,306600.87475123524,5126222.675410517,EPSG:32616,NEON_S2__0253,True
20220620T165901_20220620T171040_T16TCS,-89.43483238248497,46.15472064583372,2022-06-20,0.9058823529411764,2022-06-20,0,projects/neon-prod-earthengine/assets/HSI_REFL/002/2022_UNDE_5,310280.63606213254,5115384.748037769,EPSG:32616,NEON_S2__0254,True
20230418T155821_20230418T160614_T17RMM,-81.43192117932098,28.079179824894357,2023-04-18,0.9019607843137256,2023-04-18,0,projects/neon-prod-earthengine/assets/HSI_REFL/002/2023_DSNY_7,455604.7785351576,3108183.125341052,EPSG:32617,NEON_S2__0276,True
20230418T155821_20230418T160614_T17RMM,-81.38592743677405,28.079179824894357,2023-04-18,0.9098039215686274,2023-04-18,0,projects/neon-prod-earthengine/assets/HSI_REFL/002/2023_DSNY_7,460489.37252418697,3107165.0156241707,EPSG:32617,NEON_S2__0278,True
20230418T155821_20230418T160614_T17RMM,-81.38592743677405,28.125173567441276,2023-04-18,0.9019607843137256,2023-04-18,0,projects/neon-prod-earthengine/assets/HSI_REFL/002/2023_DSNY_7,461357.5811396176,3112154.3243151903,EPSG:32617,NEON_S2__0279,True
20230813T214539_20230813T214533_T05VPL,-149.13471020838648,63.862311526397725,2023-08-13,0.9176470588235294,2023-08-13,0,projects/neon-prod-earthengine/assets/HSI_REFL/002/2023_HEAL_5,394172.1868049224,7081057.040619653,EPSG:32606,NEON_S2__0280,True
20230813T214539_20230813T214533_T05VPL,-149.13471020838648,63.862311526397725,2023-08-13,0.9176470588235294,2023-08-13,0,projects/neon-prod-earthengine/assets/HSI_REFL/002/2023_HEAL_5,394172.1868049224,7081057.040619653,EPSG:32606,NEON_S2__0282,True
20230813T214539_20230813T214533_T05VPL,-149.13471020838648,63.862311526397725,2023-08-13,0.9176470588235294,2023-08-13,0,projects/neon-prod-earthengine/assets/HSI_REFL/002/2023_HEAL_5,394172.1868049224,7081057.040619653,EPSG:32606,NEON_S2__0284,True
20230813T214539_20230813T214533_T05VPL,-149.13471020838648,63.862311526397725,2023-08-13,0.9176470588235294,2023-08-13,0,projects/neon-prod-earthengine/assets/HSI_REFL/002/2023_HEAL_5,394172.1868049224,7081057.040619653,EPSG:32606,NEON_S2__0286,True
20230602T155819_20230602T160940_T17SNB,-80.55804007092951,37.369915819372096,2023-06-02,0.9058823529411764,2023-06-02,0,projects/neon-prod-earthengine/assets/HSI_REFL/002/2023_MLBS_6,540139.0632271835,4136492.085378991,EPSG:32617,NEON_S2__0298,True
20230602T155819_20230602T160940_T17SNB,-80.55804007092951,37.415909561919015,2023-06-02,0.9098039215686274,2023-06-02,0,projects/neon-prod-earthengine/assets/HSI_REFL/002/2023_MLBS_6,541130.4166826316,4141465.1483827857,EPSG:32617,NEON_S2__0299,True
20230602T155819_20230602T160940_T17SNB,-80.51204632838258,37.369915819372096,2023-06-02,0.9058823529411764,2023-06-02,0,projects/neon-prod-earthengine/assets/HSI_REFL/002/2023_MLBS_6,545096.2074551338,4135410.2987861945,EPSG:32617,NEON_S2__0300,True
20230423T155819_20230423T160343_T17RLN,-82.02983983243092,29.64296707148962,2023-04-23,0.9098039215686274,2023-04-23,0,projects/neon-prod-earthengine/assets/HSI_REFL/002/2023_OSBS_7,399529.6633595402,3280199.4680116526,EPSG:32617,NEON_S2__0310,True
20230423T155819_20230423T160343_T17RLN,-82.02983983243092,29.688960814036538,2023-04-23,0.9019607843137256,2023-04-23,0,projects/neon-prod-earthengine/assets/HSI_REFL/002/2023_OSBS_7,400411.7693653469,3285192.7822099244,EPSG:32617,NEON_S2__0311,True
20230423T155819_20230423T160343_T17RLN,-81.98384608988401,29.64296707148962,2023-04-23,0.9098039215686274,2023-04-23,0,projects/neon-prod-earthengine/assets/HSI_REFL/002/2023_OSBS_7,404431.2340163172,3279183.7949529234,EPSG:32617,NEON_S2__0312,True
20230423T155819_20230423T160343_T17RLN,-81.98384608988401,29.688960814036538,2023-04-23,0.9019607843137256,2023-04-23,0,projects/neon-prod-earthengine/assets/HSI_REFL/002/2023_OSBS_7,405313.7363951855,3284176.6522160387,EPSG:32617,NEON_S2__0313,True
20230423T155819_20230423T160343_T17RLN,-81.98384608988401,29.64296707148962,2023-04-23,0.9098039215686274,2023-04-23,0,projects/neon-prod-earthengine/assets/HSI_REFL/002/2023_OSBS_7,404431.2340163172,3279183.7949529234,EPSG:32617,NEON_S2__0315,True
20230423T155819_20230423T160343_T17RLN,-81.98384608988401,29.688960814036538,2023-04-23,0.9019607843137256,2023-04-23,0,projects/neon-prod-earthengine/assets/HSI_REFL/002/2023_OSBS_7,405313.7363951855,3284176.6522160387,EPSG:32617,NEON_S2__0316,True
20230401T183929_20230401T184336_T10SGG,-119.74470872090492,37.093953364090574,2023-04-01,0.9215686274509804,2023-04-01,0,projects/neon-prod-earthengine/assets/HSI_REFL/002/2023_SJER_6,256313.93843769428,4107087.735670382,EPSG:32611,NEON_S2__0324,True
20230401T183929_20230401T184336_T10SGG,-119.74470872090492,37.13994710663749,2023-04-01,0.9215686274509804,2023-04-01,0,projects/neon-prod-earthengine/assets/HSI_REFL/002/2023_SJER_6,255133.685255449,4111988.392538028,EPSG:32611,NEON_S2__0325,True
20230401T183929_20230401T184336_T10SGG,-119.74470872090492,37.093953364090574,2023-04-01,0.9215686274509804,2023-04-01,0,projects/neon-prod-earthengine/assets/HSI_REFL/002/2023_SJER_6,256313.93843769428,4107087.735670382,EPSG:32611,NEON_S2__0326,True
20230401T183929_20230401T184336_T10SGG,-119.74470872090492,37.13994710663749,2023-04-01,0.9215686274509804,2023-04-01,0,projects/neon-prod-earthengine/assets/HSI_REFL/002/2023_SJER_6,255133.685255449,4111988.392538028,EPSG:32611,NEON_S2__0327,True
20240814T153941_20240814T154651_T18TYN,-72.23317266993708,42.52121498462708,2024-08-14,0.9019607843137256,2024-08-14,0,projects/neon-prod-earthengine/assets/HSI_REFL/002/2024_HARV_8,728125.6852333196,4711201.374977781,EPSG:32618,NEON_S2__0365,True
20240814T153941_20240814T154651_T18TYN,-72.18717892739015,42.42922749953324,2024-08-14,0.9058823529411764,2024-08-14,0,projects/neon-prod-earthengine/assets/HSI_REFL/002/2024_HARV_8,730141.4982606214,4700037.122272774,EPSG:32618,NEON_S2__0367,True
20240612T170901_20240612T171745_T14SQJ,-96.47187499216363,38.93370306596736,2024-06-12,0.9098039215686274,2024-06-12,0,projects/neon-prod-earthengine/assets/HSI_REFL/002/2024_MCDI_4,717759.3250565998,4314122.804297642,EPSG:32614,NEON_S2__0377,True
